Position, Company, Location, Link

Data Lead
, 
Utopia Labs , Worldwide, https://remoteok.com//remote-jobs/remote-data-lead-utopia-labs-161902

Quantitative Strategist DeFi
, 
Re7 , üá¨üáß United Kingdom, https://remoteok.com//remote-jobs/remote-quantitative-strategist-defi-re7-161901

Python Developer
, 
Ampcontrol , üá™üá∫ Europe, https://remoteok.com//remote-jobs/remote-python-developer-ampcontrol-146165

Students Program Vac
, 
Status SNT , Remote (Worldwide), https://remoteok.com//remote-jobs/remote-students-program-vac-status-snt-160384

DevOps Engineer
, 
Braintrust , Global, https://remoteok.com//remote-jobs/remote-devops-engineer-braintrust-160379

Senior Software Engineer
, 
Metrika , Remote job, https://remoteok.com//remote-jobs/remote-senior-software-engineer-metrika-159394

QA Engineer
, 
Celestia Labs , Worldwide, https://remoteok.com//remote-jobs/remote-qa-engineer-celestia-labs-158401

Prudential Financial Lead Data Engineer Direct Hire
, 
Braintrust , Global, https://remoteok.com//remote-jobs/remote-prudential-financial-lead-data-engineer-direct-hire-braintrust-157884

Backend Engineer Western US
, 
Regrow , üá∫üá∏ United States, https://remoteok.com//remote-jobs/remote-backend-engineer-western-us-regrow-157575

Senior Scientist Modeling
, 
Regrow , üá∫üá∏ United States, https://remoteok.com//remote-jobs/remote-senior-scientist-modeling-regrow-157570

Online Technology Intern
, 
PlayStation Global , üåè Probably worldwide, https://remoteok.com//remote-jobs/remote-online-technology-intern-playstation-global-157134

Full Stack Engineer
, 
Bitcoin Depot , Worldwide, https://remoteok.com//remote-jobs/remote-full-stack-engineer-bitcoin-depot-157324

Mobile Payments Product Manager
, 
Latoken , Remote Worldwide, https://remoteok.com//remote-jobs/remote-mobile-payments-product-manager-latoken-157365

DevOps Engineer
, 
Celestia Labs , Worldwide, https://remoteok.com//remote-jobs/remote-devops-engineer-celestia-labs-157339

Software Engineer Test
, 
Celestia Labs , Worldwide, https://remoteok.com//remote-jobs/remote-software-engineer-test-celestia-labs-157303

Staff DevOps Engineer
, 
Prime Trust , Worldwide, https://remoteok.com//remote-jobs/remote-staff-devops-engineer-prime-trust-157326

Data Analyst
, 
Utopia Labs , Worldwide, https://remoteok.com//remote-jobs/remote-data-analyst-utopia-labs-157333

Data Analyst
, 
Moralis , Worldwide, https://remoteok.com//remote-jobs/remote-data-analyst-moralis-157285

Crypto Quantitative Analyst Intern
, 
Token Metrics , Worldwide, https://remoteok.com//remote-jobs/remote-crypto-quantitative-analyst-intern-token-metrics-157346

Golang Engineer
, 
Qredo , üá™üá∏ Spain, https://remoteok.com//remote-jobs/remote-golang-engineer-qredo-157282
Python Developer, Lemon.io, Latin America Only/Europe Only/Canada Only, https://weworkremotely.com/remote-jobs/lemon-io-python-developer-3
Senior Open Source Developer & DevOps (Python, Django, React, AWS/OpenStack), OpenCraft, Anywhere in the World, https://weworkremotely.com/remote-jobs/opencraft-senior-open-source-developer-devops-python-django-react-aws-openstack
Sr Python Developer, Solar Monkey, Anywhere in the World, https://weworkremotely.com/remote-jobs/solar-monkey-sr-python-developer
Senior Python Engineer: Long-term job - 100% remote, Proxify AB, Anywhere in the World, https://weworkremotely.com/remote-jobs/proxify-ab-senior-python-engineer-long-term-job-100-remote
Python Developer for Ambitious Startup (Remote), Soundsnap/ Beatopia, Europe Only, https://weworkremotely.com/remote-jobs/soundsnap-beatopia-python-developer-for-ambitious-startup-remote
(Senior) Python Full Stack Software Developer, Optimile, Europe Only, https://weworkremotely.com/remote-jobs/optimile-senior-python-full-stack-software-developer
Senior Full-stack Engineer with Python, NannyML, Anywhere in the World, https://weworkremotely.com/remote-jobs/nannyml-senior-full-stack-engineer-with-python
Senior Software Engineer, Python, AssemblyAI (YC 17), Anywhere in the World, https://weworkremotely.com/remote-jobs/assemblyai-yc-17-senior-software-engineer-python
Senior Python Developer - Full Remote , Ebury, Latin America Only/Europe Only, https://weworkremotely.com/remote-jobs/ebury-senior-python-developer-full-remote-1
Python Developer - Remote, UpStack Technologies, Inc., Americas Only/Europe Only, https://weworkremotely.com/remote-jobs/upstack-technologies-inc-python-developer-remote
Senior Backend Engineer (Python), TestGorilla, Anywhere in the World, https://weworkremotely.com/remote-jobs/testgorilla-senior-backend-engineer-python-9
Python Developer, Ampcontrol, USA Only/North America Only/Latin America Only/Americas Only/Europe Only/UK Only/Canada Only, https://weworkremotely.com/remote-jobs/ampcontrol-python-developer
Python Platform Engineer, Doximity, Americas Only, https://weworkremotely.com/remote-jobs/doximity-python-platform-engineer
Software Engineer - Backend/Python (100% Remote), Close, Anywhere in the World, https://weworkremotely.com/remote-jobs/close-software-engineer-backend-python-100-remote-1
Software Development Engineer in Test ‚Äì Python ‚Äì Cyprus, Greece or Remote , XM, Anywhere in the World, https://weworkremotely.com/remote-jobs/xm-software-development-engineer-in-test-python-cyprus-greece-or-remote-3
Senior QA Software Test Automation Engineer ‚Äì Python ‚Äì Cyprus, Greece, Remote , XM, Anywhere in the World, https://weworkremotely.com/remote-jobs/xm-senior-qa-software-test-automation-engineer-python-cyprus-greece-remote-3
